<?xml version="1.0" encoding="UTF-8"?>
<project-private xmlns="http://www.netbeans.org/ns/project-private/1">
    <editor-bookmarks xmlns="http://www.netbeans.org/ns/editor-bookmarks/2" lastBookmarkId="0"/>
    <open-files xmlns="http://www.netbeans.org/ns/projectui-open-files/2">
        <group>
            <file>file:/C:/xampp/htdocs/Cloud/testedit.php</file>
            <file>file:/C:/xampp/htdocs/Cloud/assets/vendor/bootstrap/css/bootstrap.min.css</file>
            <file>file:/C:/xampp/htdocs/Cloud/listtable.php</file>
            <file>file:/C:/xampp/htdocs/Cloud/home.php</file>
            <file>file:/C:/xampp/htdocs/Cloud/delete.php</file>
        </group>
    </open-files>
</project-private>
